{
  "connections_test": {
    "max_connections": 5,
    "successful": 5,
    "avg_response_time": 1.6543670177459717
  },
  "signals_test": {
    "total_signals": 100,
    "duration": 7.715410947799683,
    "rate": 12.961072414233291
  },
  "orders_test": {
    "total_orders": 50,
    "duration": 23.85242199897766,
    "rate": 2.0962231844691934
  },
  "database_test": {
    "operations": {
      "inserts": 100,
      "selects": 100,
      "updates": 50,
      "deletes": 100
    },
    "total": 350,
    "duration": 21.26442813873291,
    "rate": 16.4594127674884
  },
  "memory_test": {
    "rss_mb": 185.734375,
    "vms_mb": 402479.34375,
    "cpu_percent": 0.0
  },
  "performance_metrics": {
    "total_duration": 56.958542823791504,
    "tests_run": 4,
    "tests_passed": 4
  }
}